title,url
Série 1,https://app.formation-tcfcanada.com/epreuve/comprehension-ecrite/entrainement/comprehension-ecrite-test-1
Série 2,https://app.formation-tcfcanada.com/epreuve/comprehension-ecrite/entrainement/comprehension-ecrite-test-2
Série 3,https://app.formation-tcfcanada.com/epreuve/comprehension-ecrite/entrainement/comprehension-ecrite-test-3
Série 4,https://app.formation-tcfcanada.com/epreuve/comprehension-ecrite/entrainement/comprehension-ecrite-test-4
Série 5,https://app.formation-tcfcanada.com/epreuve/comprehension-ecrite/entrainement/comprehension-ecrite-test-5
Série 6,https://app.formation-tcfcanada.com/epreuve/comprehension-ecrite/entrainement/comprehension-ecrite-test-6
Série 7,https://app.formation-tcfcanada.com/epreuve/comprehension-ecrite/entrainement/comprehension-ecrite-test-7
Série 8,https://app.formation-tcfcanada.com/epreuve/comprehension-ecrite/entrainement/comprehension-ecrite-test-8
Série 9,https://app.formation-tcfcanada.com/epreuve/comprehension-ecrite/entrainement/comprehension-ecrite-test-9
Série 10,https://app.formation-tcfcanada.com/epreuve/comprehension-ecrite/entrainement/comprehension-ecrite-test-10
Série 11,https://app.formation-tcfcanada.com/epreuve/comprehension-ecrite/entrainement/comprehension-ecrite-test-11
Série 12,https://app.formation-tcfcanada.com/epreuve/comprehension-ecrite/entrainement/comprehension-ecrite-test-12
Série 13,https://app.formation-tcfcanada.com/epreuve/comprehension-ecrite/entrainement/comprehension-ecrite-test-13
Série 14,https://app.formation-tcfcanada.com/epreuve/comprehension-ecrite/entrainement/comprehension-ecrite-test-14-
Série 15,https://app.formation-tcfcanada.com/epreuve/comprehension-ecrite/entrainement/comprehension-ecrite-test-15
Série 16,https://app.formation-tcfcanada.com/epreuve/comprehension-ecrite/entrainement/comprehension-ecrite-test-16
Série 17,https://app.formation-tcfcanada.com/epreuve/comprehension-ecrite/entrainement/comprehension-ecrite-test-17
Série 18,https://app.formation-tcfcanada.com/epreuve/comprehension-ecrite/entrainement/comprehension-ecrite-test-18
Série 19,https://app.formation-tcfcanada.com/epreuve/comprehension-ecrite/entrainement/comprehension-ecrite-test-19
Série 20,https://app.formation-tcfcanada.com/epreuve/comprehension-ecrite/entrainement/comprehension-ecrite-test-20
Série 21,https://app.formation-tcfcanada.com/epreuve/comprehension-ecrite/entrainement/comprehension-ecrite-test-21
Série 22,https://app.formation-tcfcanada.com/epreuve/comprehension-ecrite/entrainement/comprehension-ecrite-test-22
Série 23,https://app.formation-tcfcanada.com/epreuve/comprehension-ecrite/entrainement/comprehension-ecrite-test-23
Série 24,https://app.formation-tcfcanada.com/epreuve/comprehension-ecrite/entrainement/comprehension-ecrite-test-24
Série 25,https://app.formation-tcfcanada.com/epreuve/comprehension-ecrite/entrainement/comprehension-ecrite-test-25
Série 26,https://app.formation-tcfcanada.com/epreuve/comprehension-ecrite/entrainement/comprehension-ecrite-test-26
Série 27,https://app.formation-tcfcanada.com/epreuve/comprehension-ecrite/entrainement/comprehension-ecrite-test-27
Série 28,https://app.formation-tcfcanada.com/epreuve/comprehension-ecrite/entrainement/comprehension-ecrite-test-28
Série 29,https://app.formation-tcfcanada.com/epreuve/comprehension-ecrite/entrainement/comprehension-ecrite-test-29
Série 30,https://app.formation-tcfcanada.com/epreuve/comprehension-ecrite/entrainement/comprehension-ecrite-test-30
Série 31,https://app.formation-tcfcanada.com/epreuve/comprehension-ecrite/entrainement/comprehension-ecrite-test-31
Série 32,https://app.formation-tcfcanada.com/epreuve/comprehension-ecrite/entrainement/comprehension-ecrite-test-32
Série 33,https://app.formation-tcfcanada.com/epreuve/comprehension-ecrite/entrainement/comprehension-ecrite-test-33
Série 34,https://app.formation-tcfcanada.com/epreuve/comprehension-ecrite/entrainement/comprehension-ecrite-test-34
Série 35,https://app.formation-tcfcanada.com/epreuve/comprehension-ecrite/entrainement/comprehension-ecrite-test-35
Série 36,https://app.formation-tcfcanada.com/epreuve/comprehension-ecrite/entrainement/comprehension-ecrite-test-36
Série 37,https://app.formation-tcfcanada.com/epreuve/comprehension-ecrite/entrainement/comprehension-ecrite-test-37
Série 38,https://app.formation-tcfcanada.com/epreuve/comprehension-ecrite/entrainement/comprehension-ecrite-test-38
Série 39,https://app.formation-tcfcanada.com/epreuve/comprehension-ecrite/entrainement/comprehension-ecrite-test-39
Série 40,https://app.formation-tcfcanada.com/epreuve/comprehension-ecrite/entrainement/comprehension-ecrite-test-40
